GENOME_TERRITORY	MEAN_COVERAGE	SD_COVERAGE	MEDIAN_COVERAGE	MAD_COVERAGE	PCT_EXC_ADAPTER	PCT_EXC_MAPQ	PCT_EXC_DUPE	PCT_EXC_UNPAIRED	PCT_EXC_BASEQ	PCT_EXC_OVERLAP	PCT_EXC_CAPPED	PCT_EXC_TOTAL	PCT_1X	PCT_5X	PCT_10X	PCT_15X	PCT_20X	PCT_25X	PCT_30X	PCT_40X	PCT_50X	PCT_60X	PCT_70X	PCT_80X	PCT_90X	PCT_100X	FOLD_80_BASE_PENALTY	FOLD_90_BASE_PENALTY	FOLD_95_BASE_PENALTY	HET_SNP_SENSITIVITY	HET_SNP_Q	EXACT_COV
10532	3709.319502	2269.144237	3494.0	1573.5	0.0	5.1e-05	0.0	0.001959	0.047518	0.28317	0.0	0.332698	0.998671	0.998101	0.998101	0.998101	0.998006	0.998006	0.998006	0.997721	0.997341	0.997057	0.997057	0.997057	0.997057	0.997057	2.572344	3.900441	5.878478	0.061615	0.0	0.998101025446259
