GENOME_TERRITORY	MEAN_COVERAGE	SD_COVERAGE	MEDIAN_COVERAGE	MAD_COVERAGE	PCT_EXC_ADAPTER	PCT_EXC_MAPQ	PCT_EXC_DUPE	PCT_EXC_UNPAIRED	PCT_EXC_BASEQ	PCT_EXC_OVERLAP	PCT_EXC_CAPPED	PCT_EXC_TOTAL	PCT_1X	PCT_5X	PCT_10X	PCT_15X	PCT_20X	PCT_25X	PCT_30X	PCT_40X	PCT_50X	PCT_60X	PCT_70X	PCT_80X	PCT_90X	PCT_100X	FOLD_80_BASE_PENALTY	FOLD_90_BASE_PENALTY	FOLD_95_BASE_PENALTY	HET_SNP_SENSITIVITY	HET_SNP_Q	EXACT_COV
10532	3123.892708	4341.187004	988.5	938.0	0.0	4e-05	0.0	0.000914	0.045363	0.318874	0.0	0.365192	0.980251	0.952146	0.942176	0.923471	0.900968	0.893373	0.88948	0.887581	0.884827	0.876567	0.848842	0.819502	0.808868	0.780668	33.590244	156.194635	624.778542	0.375141	2.0	0.9491026493210521
