GENOME_TERRITORY	MEAN_COVERAGE	SD_COVERAGE	MEDIAN_COVERAGE	MAD_COVERAGE	PCT_EXC_ADAPTER	PCT_EXC_MAPQ	PCT_EXC_DUPE	PCT_EXC_UNPAIRED	PCT_EXC_BASEQ	PCT_EXC_OVERLAP	PCT_EXC_CAPPED	PCT_EXC_TOTAL	PCT_1X	PCT_5X	PCT_10X	PCT_15X	PCT_20X	PCT_25X	PCT_30X	PCT_40X	PCT_50X	PCT_60X	PCT_70X	PCT_80X	PCT_90X	PCT_100X	FOLD_80_BASE_PENALTY	FOLD_90_BASE_PENALTY	FOLD_95_BASE_PENALTY	HET_SNP_SENSITIVITY	HET_SNP_Q	EXACT_COV
10532	1834.77706	1022.092713	1643.0	634.5	0.0	4.5e-05	0.0	0.000109	0.014624	0.308897	0.0	0.323675	0.998101	0.997721	0.997057	0.997057	0.997057	0.997057	0.997057	0.997057	0.997057	0.997057	0.997057	0.997057	0.997057	0.997057	1.791774	3.03771	5.444442	0.120362	1.0	0.9977212305355109
