GENOME_TERRITORY	MEAN_COVERAGE	SD_COVERAGE	MEDIAN_COVERAGE	MAD_COVERAGE	PCT_EXC_ADAPTER	PCT_EXC_MAPQ	PCT_EXC_DUPE	PCT_EXC_UNPAIRED	PCT_EXC_BASEQ	PCT_EXC_OVERLAP	PCT_EXC_CAPPED	PCT_EXC_TOTAL	PCT_1X	PCT_5X	PCT_10X	PCT_15X	PCT_20X	PCT_25X	PCT_30X	PCT_40X	PCT_50X	PCT_60X	PCT_70X	PCT_80X	PCT_90X	PCT_100X	FOLD_80_BASE_PENALTY	FOLD_90_BASE_PENALTY	FOLD_95_BASE_PENALTY	HET_SNP_SENSITIVITY	HET_SNP_Q	EXACT_COV
10532	1593.145177	1038.643328	1550.0	860.0	0.0	6.5e-05	0.0	0.000155	0.015209	0.311355	0.0	0.326783	0.998101	0.998006	0.997626	0.997246	0.997057	0.997057	0.997057	0.997057	0.994968	0.994968	0.994113	0.993354	0.991265	0.988226	3.063741	5.240609	6.779341	0.251946	1.0	0.998006076718572
